Vrijwilliger_ID,Naam,Rol,Beschikbaarheid,Opleidingsniveau
77ef5bb8-c6bf-48ff-aa92-39ce6d713bcd,Alexander Williams,Medisch Personeel,Weekend,Expert
14fc31da-180e-41e3-96a9-f551ba29c5ba,Thomas Blackburn,Logistiek,Flexibel,Basis
ad079642-c0ee-4d59-bcdd-7bf14fbacb06,Debra Hall,Medisch Personeel,Weekend,Gevorderd
280cf36b-fbc1-4ba5-a685-47c8135bee52,Jason Adams,Algemeen,Weekdagen,Basis
05c5a952-d046-4bc5-80b9-63597cfe1550,Christina Holmes,Logistiek,Weekdagen,Basis
d75ad3e3-d826-4ff4-bf5d-552d64f02347,Ashley Johnson,Administratie,Weekend,Gevorderd
e7b12687-56ad-4a51-8659-7e0cccd4f601,Steven Powers,Logistiek,Weekend,Expert
14baa148-c883-489b-b939-387daf19df88,April Flores,Medisch Personeel,Weekend,Expert
c7a14308-6185-44e3-b57f-70dad9e05139,Dennis Cox,Logistiek,Weekdagen,Expert
585364ff-9ffe-4e26-b36c-7fdfe52a63cd,Emily Macias,Algemeen,Weekdagen,Basis
b13af5ce-baf0-4e56-898a-411e7281645d,Daniel Nelson,Logistiek,Flexibel,Gevorderd
64b137f1-dd7a-434f-bbd5-15ba778d003c,Ashlee Chaney,Algemeen,Flexibel,Basis
e7893cff-729e-4db7-9dea-089dc6af6614,Madison Mason,Medisch Personeel,Flexibel,Expert
d93eb83f-a0ea-4d35-bea1-cda39a0e03c3,Adam Hayes,Administratie,Flexibel,Expert
a86c9f0f-1ef3-41aa-9be8-2065e2b69d55,Justin Smith,Administratie,Weekend,Expert
7bede858-f8be-4c8d-9c1b-ec3aa061673a,Catherine Brooks,Logistiek,Weekdagen,Basis
b9b7f67b-03fa-484e-bf86-b678c4ab6c9e,Tyler Abbott,Medisch Personeel,Flexibel,Gevorderd
1387d434-6bb9-4a59-9b10-8a7cabf21d28,Mark Perry,Algemeen,Weekend,Expert
92622988-d9ff-46c2-8e2a-a0fb4306ad42,Katherine Dominguez,Administratie,Weekend,Gevorderd
a01d0b69-e4bc-4248-a4ad-94c4692d822c,Robert Davis,Medisch Personeel,Weekend,Expert
808e3a3f-fdbe-4948-b57f-762d4612cacd,Daniel Adams,Medisch Personeel,Flexibel,Gevorderd
64cde313-de68-4010-873a-01bfd74bb29f,Anthony Perry,Logistiek,Weekend,Basis
6815cf09-b86d-498e-8a0a-2c82f40cba53,Brenda Fitzgerald,Medisch Personeel,Weekend,Gevorderd
154063a6-76c4-41b8-8f84-688741d858f8,James Glover,Medisch Personeel,Weekdagen,Gevorderd
fa8ebf24-957c-4306-b969-cd2fa52945d1,Travis Bradshaw,Algemeen,Flexibel,Expert
6e922bdf-8619-4a7a-899c-302da2e0bf6d,William Rodriguez,Medisch Personeel,Weekend,Expert
ef5cb620-3463-40d1-98c8-24d94fdf639f,James Jones,Algemeen,Weekend,Gevorderd
284ac68c-0eeb-461b-a7da-3eb1fa46be6f,Grace Palmer,Administratie,Weekend,Expert
91e0660a-8c0b-43f0-a345-96dd3a553a80,Carol Cardenas DDS,Administratie,Weekend,Expert
eb504fe6-d44f-44c4-b9ae-d5c343dc83e2,Krystal Wheeler,Medisch Personeel,Flexibel,Basis
c3eff05b-29ab-4627-a0b2-e2e2db77f8b5,Jacob Rivers,Algemeen,Weekdagen,Basis
a362b0cc-c865-4c7d-a246-d46ff255a976,Timothy Flores,Algemeen,Weekend,Gevorderd
56ad79a5-0848-41ac-91ba-3a5672b79207,Samantha Byrd,Administratie,Weekend,Gevorderd
6ba036d4-5973-4357-9bf6-19740b63c649,Kevin Long,Medisch Personeel,Flexibel,Expert
23dafdbf-670d-4337-a46a-0fdc281b8b28,Margaret Olson,Administratie,Flexibel,Expert
1cdf7252-155e-4dfd-8eab-839711962051,Jake Baxter,Medisch Personeel,Flexibel,Expert
746a6c15-3d16-43a9-bbdf-f248296da833,Pamela Anderson,Administratie,Weekdagen,Gevorderd
775baf20-817f-4b0e-8de2-e52dd2de4f25,Christine Walker,Logistiek,Weekend,Gevorderd
f26e1cc6-31bd-4698-884a-b7f26c148b23,Natasha Smith,Administratie,Weekdagen,Gevorderd
6624816b-1746-46d1-99c4-2d60251401b4,Leah Diaz,Logistiek,Weekdagen,Basis
a4c4064b-cec0-4f34-8463-a4b76bb37131,Mary Howard,Administratie,Weekdagen,Basis
776cdb3c-d188-4565-90af-8eef7800f781,Kristen Dickerson,Medisch Personeel,Flexibel,Gevorderd
42073a9e-fa26-49d5-bb2f-56aa024602c1,Latoya Flynn,Administratie,Flexibel,Gevorderd
8ab644b0-e38d-43ba-9874-c827de3009c3,Scott Sutton,Administratie,Flexibel,Expert
63a648c4-36f9-4e42-afd9-4d5b9d59c925,Belinda Torres,Administratie,Weekend,Basis
e3612192-bf89-4b79-99a6-b4de24ffdf0d,Ashley Adkins,Logistiek,Weekend,Expert
96791d34-efec-471e-a16d-fc2108ae6f24,Elizabeth Mcpherson,Algemeen,Weekdagen,Basis
0fd45b5c-8838-4d6e-a5fb-46e2deca5a66,William Watson,Administratie,Weekdagen,Expert
61617490-6fe7-43e0-8311-feae1b36de66,Terri Golden,Medisch Personeel,Weekend,Gevorderd
eed959b7-fadd-4158-88e9-940b25a8d3f2,James Lee,Medisch Personeel,Weekdagen,Expert
